id,name,email,,,,
1,Ishak,dishak0@alexa.com,,,,
2,Bragg,jbragg1@go.com,,,,
3,Gaw,sgaw2@mit.edu,,,,
4,De Biasi,bdebiasi3@ucla.edu,,,,
5,Filov,bfilov4@engadget.com,,,,
6,Douberday,wdouberday5@mozilla.org,,,,
7,Northridge,mnorthridge6@newsvine.com,,,,
8,Whittle,hwhittle7@free.fr,,,,
9,Semour,ssemour8@live.com,,,,
10,Orridge,borridge9@exblog.jp,,,,
11,Dunnett,adunnetta@microsoft.com,,,,
12,Bick,abickb@icq.com,,,,
13,Hoodlass,thoodlassc@ucsd.edu,,,,
14,Sperrett,osperrettd@feedburner.com,,,,
15,Herche,kherchee@cbslocal.com,,,,
16,Goldberg,agoldbergf@ted.com,,,,
17,Sutheran,tsutherang@wired.com,,,,
18,Baggally,nbaggallyh@discuz.net,,,,
19,Peetermann,mpeetermanni@rambler.ru,,,,
20,Coleyshaw,bcoleyshawj@unc.edu,,,,
21,Rewan,frewank@msu.edu,,,,
22,Oakes,woakesl@illinois.edu,,,,
23,O' Timony,aotimonym@gov.uk,,,,
24,Dyers,cdyersn@wikimedia.org,,,,
25,Picknett,rpicknetto@sitemeter.com,,,,
26,Welbelove,lwelbelovep@wikipedia.org,,,,
27,Fleischer,cfleischerq@earthlink.net,,,,
28,Hamm,whammr@virginia.edu,,,,
29,Thring,cthrings@cpanel.net,,,,
30,Skipsey,lskipseyt@oaic.gov.au,,,,
31,Breen,mbreenu@gravatar.com,,,,
32,Doret,mdoretv@flavors.me,,,,
33,Garland,ggarlandw@webeden.co.uk,,,,
34,Armytage,aarmytagex@cocolog-nifty.com,,,,
35,Hamlen,ihamleny@sakura.ne.jp,,,,
36,Kenworth,mkenworthz@gmpg.org,,,,
37,O'Keefe,jokeefe10@artisteer.com,,,,
38,Golby,dgolby11@privacy.gov.au,,,,
39,Benez,bbenez12@ustream.tv,,,,
40,Mahedy,gmahedy13@sbwire.com,,,,
41,Kensall,akensall14@de.vu,,,,
42,Laba,ilaba15@jalbum.net,,,,
43,Babalola,gbabalola16@deviantart.com,,,,
44,Hemms,yhemms17@phpbb.com,,,,
45,Najara,hnajara18@twitpic.com,,,,
46,Portress,lportress19@seesaa.net,,,,
47,Goodoune,fgoodoune1a@yellowbook.com,,,,
48,Lambarton,vlambarton1b@ebay.com,,,,
49,Abrahamsen,cabrahamsen1c@deviantart.com,,,,
50,O'Scully,coscully1d@samsung.com,,,,
51,Trinke,btrinke1e@hatena.ne.jp,,,,
52,Mackleden,cmackleden1f@wufoo.com,,,,
53,Santello,rsantello1g@trellian.com,,,,
54,Songust,ssongust1h@prlog.org,,,,
55,Rodger,jrodger1i@cnet.com,,,,
56,Comiam,ccomiam1j@who.int,,,,
57,Cutbirth,bcutbirth1k@domainmarket.com,,,,
58,Caddie,kcaddie1l@nsw.gov.au,,,,
59,Ankers,jankers1m@linkedin.com,,,,
60,Rennolds,nrennolds1n@arizona.edu,,,,
61,Millson,nmillson1o@bizjournals.com,,,,
62,O' Culligan,toculligan1p@biglobe.ne.jp,,,,
63,Ferrarone,mferrarone1q@slate.com,,,,
64,Doud,sdoud1r@uiuc.edu,,,,
65,Larmour,alarmour1s@hatena.ne.jp,,,,
66,Tellwright,mtellwright1t@youtu.be,,,,
67,Vallens,bvallens1u@tumblr.com,,,,
68,Creavan,gcreavan1v@biglobe.ne.jp,,,,
69,Bolino,bbolino1w@bbb.org,,,,
70,Hedgeman,ghedgeman1x@topsy.com,,,,
71,Hacquoil,ahacquoil1y@rambler.ru,,,,
72,Gallager,cgallager1z@bbc.co.uk,,,,
73,Kares,ekares20@unc.edu,,,,
74,Coom,ucoom21@symantec.com,,,,
75,Ruggiero,aruggiero22@phpbb.com,,,,
76,Kindall,rkindall23@elpais.com,,,,
77,Farrear,rfarrear24@symantec.com,,,,
78,Dillow,ndillow25@techcrunch.com,,,,
79,Brydie,jbrydie26@people.com.cn,,,,
80,Defries,adefries27@noaa.gov,,,,
81,Longstaff,mlongstaff28@webs.com,,,,
82,Crosland,ecrosland29@cloudflare.com,,,,
83,Weond,jweond2a@google.ru,,,,
84,Butt Gow,gbuttgow2b@360.cn,,,,
85,Loyley,aloyley2c@free.fr,,,,
86,Furtado,sfurtado2d@jiathis.com,,,,
87,Linn,hlinn2e@redcross.org,,,,
88,Blacksell,rblacksell2f@usgs.gov,,,,
89,Scrinage,rscrinage2g@statcounter.com,,,,
90,Kleynen,kkleynen2h@unicef.org,,,,
91,Frisel,dfrisel2i@e-recht24.de,,,,
92,Chaff,jchaff2j@youtu.be,,,,
93,Eakly,geakly2k@squidoo.com,,,,
94,Snoddy,esnoddy2l@blogger.com,,,,
95,Jarrold,djarrold2m@barnesandnoble.com,,,,
96,Frewer,efrewer2n@blinklist.com,,,,
97,Manie,kmanie2o@geocities.jp,,,,
98,Perell,dperell2p@unc.edu,,,,
99,Haigh,ghaigh2q@vimeo.com,,,,
100,Worswick,oworswick2r@cnet.com,,,,
101,Ridesdale,mridesdale2s@mit.edu,,,,
102,Pitherick,cpitherick2t@weather.com,,,,
103,Slimings,sslimings2u@oaic.gov.au,,,,
104,Suarez,ssuarez2v@nytimes.com,,,,
105,Louis,slouis2w@mediafire.com,,,,
106,Pittam,kpittam2x@blogspot.com,,,,
107,Ashmore,vashmore2y@xinhuanet.com,,,,
108,Hortop,ahortop2z@ifeng.com,,,,
109,Alves,balves30@devhub.com,,,,
110,Eliesco,leliesco31@foxnews.com,,,,
111,Moyles,emoyles32@qq.com,,,,
112,Hourston,khourston33@eepurl.com,,,,
113,Crowley,scrowley34@pagesperso-orange.fr,,,,
114,Zielinski,dzielinski35@google.com.au,,,,
115,Caveney,scaveney36@sourceforge.net,,,,
116,Fanthome,cfanthome37@skype.com,,,,
117,O'Hollegan,vohollegan38@shareasale.com,,,,
118,O'Moylane,bomoylane39@flickr.com,,,,
119,Raeside,eraeside3a@vimeo.com,,,,
120,Saiger,asaiger3b@zimbio.com,,,,
121,de Chastelain,cdechastelain3c@photobucket.com,,,,
122,MacCall,amaccall3d@soundcloud.com,,,,
123,Paulucci,lpaulucci3e@elegantthemes.com,,,,
124,Barnhill,abarnhill3f@dropbox.com,,,,
125,Domenget,odomenget3g@hp.com,,,,
126,Blackston,hblackston3h@mayoclinic.com,,,,
127,Ducarne,mducarne3i@trellian.com,,,,
128,Buddle,abuddle3j@indiatimes.com,,,,
129,Bramwell,cbramwell3k@nydailynews.com,,,,
130,Spencers,mspencers3l@opensource.org,,,,
131,Honatsch,dhonatsch3m@youku.com,,,,
132,O'Malley,fomalley3n@craigslist.org,,,,
133,Rasor,drasor3o@live.com,,,,
134,Burwood,lburwood3p@sakura.ne.jp,,,,
135,Goady,fgoady3q@chron.com,,,,
136,McCane,cmccane3r@t-online.de,,,,
137,Harness,lharness3s@webs.com,,,,
138,Boughey,bboughey3t@soundcloud.com,,,,
139,Scad,ascad3u@hugedomains.com,,,,
140,Shovel,gshovel3v@xrea.com,,,,
141,Bremmell,hbremmell3w@ibm.com,,,,
142,Westcot,gwestcot3x@soup.io,,,,
143,Chevers,nchevers3y@sina.com.cn,,,,
144,Hankin,rhankin3z@cdbaby.com,,,,
145,Lantaff,clantaff40@sphinn.com,,,,
146,Warrillow,mwarrillow41@arstechnica.com,,,,
147,MacEllen,mmacellen42@newyorker.com,,,,
148,Avramov,mavramov43@aol.com,,,,
149,Bomb,mbomb44@webs.com,,,,
150,Waker,bwaker45@gov.uk,,,,
151,Corhard,scorhard46@cloudflare.com,,,,
152,Rappa,srappa47@elpais.com,,,,
153,Duiguid,zduiguid48@yahoo.co.jp,,,,
154,Boobier,fboobier49@acquirethisname.com,,,,
155,Gilhooley,kgilhooley4a@livejournal.com,,,,
156,Thornally,athornally4b@about.com,,,,
157,Ianno,lianno4c@webnode.com,,,,
158,Whitlow,uwhitlow4d@a8.net,,,,
159,Rhubottom,hrhubottom4e@wordpress.com,,,,
160,Banville,cbanville4f@gnu.org,,,,
161,Walework,cwalework4g@fda.gov,,,,
162,Tonbye,rtonbye4h@cdc.gov,,,,
163,Crosscombe,lcrosscombe4i@jiathis.com,,,,
164,Shortell,ashortell4j@toplist.cz,,,,
165,Privost,lprivost4k@phoca.cz,,,,
166,Oakenfall,noakenfall4l@goo.ne.jp,,,,
167,Gresham,igresham4m@harvard.edu,,,,
168,Slee,sslee4n@sbwire.com,,,,
169,Oscroft,aoscroft4o@hibu.com,,,,
170,Kiledal,mkiledal4p@cnbc.com,,,,
171,Hradsky,rhradsky4q@angelfire.com,,,,
172,Duthy,dduthy4r@patch.com,,,,
173,D'Errico,dderrico4s@qq.com,,,,
174,Fer,jfer4t@army.mil,,,,
175,Edgerly,aedgerly4u@seesaa.net,,,,
176,Marcroft,hmarcroft4v@disqus.com,,,,
177,Butner,kbutner4w@gizmodo.com,,,,
178,Benezeit,bbenezeit4x@4shared.com,,,,
179,Bissett,rbissett4y@youtube.com,,,,
180,Pridham,mpridham4z@japanpost.jp,,,,
181,Robbey,brobbey50@scribd.com,,,,
182,Ishaki,sishaki51@virginia.edu,,,,
183,Braunfeld,kbraunfeld52@bbb.org,,,,
184,Aartsen,raartsen53@accuweather.com,,,,
185,Asple,tasple54@gmpg.org,,,,
186,Hazeup,rhazeup55@mail.ru,,,,
187,Veevers,mveevers56@homestead.com,,,,
188,Costi,ecosti57@timesonline.co.uk,,,,
189,Stadden,pstadden58@java.com,,,,
190,Alcock,salcock59@flavors.me,,,,
191,Foulis,tfoulis5a@newyorker.com,,,,
192,Sellner,fsellner5b@chicagotribune.com,,,,
193,Tulloch,mtulloch5c@twitpic.com,,,,
194,Cadore,acadore5d@fda.gov,,,,
195,Clampin,tclampin5e@mapquest.com,,,,
196,Crownshaw,rcrownshaw5f@live.com,,,,
197,Nutkin,gnutkin5g@zdnet.com,,,,
198,Attwoull,jattwoull5h@walmart.com,,,,
199,Sackes,lsackes5i@alexa.com,,,,
200,Tremmil,ctremmil5j@cbsnews.com,,,,
201,Ledington,mledington5k@wordpress.com,,,,
202,Alvaro,talvaro5l@uiuc.edu,,,,
203,Gothliff,kgothliff5m@nih.gov,,,,
204,Willey,dwilley5n@ocn.ne.jp,,,,
205,Silburn,ssilburn5o@ucla.edu,,,,
206,Klimowicz,oklimowicz5p@eventbrite.com,,,,
207,Heater,eheater5q@lulu.com,,,,
208,Garn,fgarn5r@posterous.com,,,,
209,Dicky,mdicky5s@shutterfly.com,,,,
210,Wayon,cwayon5t@berkeley.edu,,,,
211,Fynes,ofynes5u@indiatimes.com,,,,
212,Rainford,wrainford5v@harvard.edu,,,,
213,Glanfield,aglanfield5w@zimbio.com,,,,
214,Rothschild,mrothschild5x@arstechnica.com,,,,
215,Miall,imiall5y@auda.org.au,,,,
216,Perrycost,vperrycost5z@flickr.com,,,,
217,Capstake,ncapstake60@timesonline.co.uk,,,,
218,Halley,ohalley61@smugmug.com,,,,
219,Golling,wgolling62@uiuc.edu,,,,
220,Shaddock,gshaddock63@myspace.com,,,,
221,Eltringham,leltringham64@icq.com,,,,
222,Skpsey,gskpsey65@hao123.com,,,,
223,Sandaver,bsandaver66@clickbank.net,,,,
224,Gisburn,jgisburn67@google.com.au,,,,
225,Lewisham,klewisham68@bbb.org,,,,
226,Deller,ideller69@fotki.com,,,,
227,Hackwell,shackwell6a@chron.com,,,,
228,Toft,rtoft6b@redcross.org,,,,
229,Lowson,klowson6c@nature.com,,,,
230,Josifovitz,ljosifovitz6d@skyrock.com,,,,
231,Schneider,bschneider6e@geocities.com,,,,
232,Tabor,ctabor6f@engadget.com,,,,
233,Agate,lagate6g@sun.com,,,,
234,Tibbs,btibbs6h@weather.com,,,,
235,Backshaw,lbackshaw6i@bigcartel.com,,,,
236,Littleover,wlittleover6j@ihg.com,,,,
237,Tremmel,etremmel6k@skype.com,,,,
238,Veregan,overegan6l@howstuffworks.com,,,,
239,Fruchter,sfruchter6m@cbslocal.com,,,,
240,Butchard,bbutchard6n@reference.com,,,,
241,Peers,mpeers6o@hostgator.com,,,,
242,Lippi,dlippi6p@devhub.com,,,,
243,Fleckness,jfleckness6q@artisteer.com,,,,
244,Kemster,akemster6r@pen.io,,,,
245,McIlwraith,omcilwraith6s@cyberchimps.com,,,,
246,Greenhaugh,mgreenhaugh6t@mozilla.com,,,,
247,O'Lahy,holahy6u@cbslocal.com,,,,
248,Bascombe,cbascombe6v@tinyurl.com,,,,
249,Hallowes,challowes6w@shareasale.com,,,,
250,Greser,ggreser6x@reference.com,,,,
251,Durnan,cdurnan6y@imgur.com,,,,
252,Albrooke,balbrooke6z@printfriendly.com,,,,
253,Tuckie,ftuckie70@marketwatch.com,,,,
254,Purveys,apurveys71@hexun.com,,,,
255,Pippin,gpippin72@surveymonkey.com,,,,
256,Malicki,cmalicki73@google.pl,,,,
257,Traill,rtraill74@unicef.org,,,,
258,Abbs,labbs75@rediff.com,,,,
259,Brugger,wbrugger76@fotki.com,,,,
260,Trazzi,etrazzi77@huffingtonpost.com,,,,
261,Kobierski,ckobierski78@omniture.com,,,,
262,Ridett,pridett79@theguardian.com,,,,
263,Ganter,rganter7a@chronoengine.com,,,,
264,Bardnam,cbardnam7b@devhub.com,,,,
265,Onn,monn7c@baidu.com,,,,
266,Bulluck,kbulluck7d@photobucket.com,,,,
267,Ather,kather7e@nature.com,,,,
268,Jessup,hjessup7f@technorati.com,,,,
269,Tomsett,ktomsett7g@amazon.com,,,,
270,Huie,ahuie7h@list-manage.com,,,,
271,Freyn,cfreyn7i@tripod.com,,,,
272,Piris,spiris7j@berkeley.edu,,,,
273,Bentjens,cbentjens7k@nhs.uk,,,,
274,Gyves,sgyves7l@java.com,,,,
275,Kloska,mkloska7m@wsj.com,,,,
276,Petrillo,rpetrillo7n@ucla.edu,,,,
277,Klesse,iklesse7o@a8.net,,,,
278,McGlew,amcglew7p@businessweek.com,,,,
279,Bromont,abromont7q@blogger.com,,,,
280,Craighall,bcraighall7r@walmart.com,,,,
281,Twidell,rtwidell7s@weibo.com,,,,
282,Metzke,kmetzke7t@list-manage.com,,,,
283,Guillard,tguillard7u@acquirethisname.com,,,,
284,Bonder,mbonder7v@wix.com,,,,
285,Guillou,eguillou7w@blinklist.com,,,,
286,Connerly,fconnerly7x@unicef.org,,,,
287,Salmond,fsalmond7y@huffingtonpost.com,,,,
288,Fairburne,mfairburne7z@theguardian.com,,,,
289,Ruthven,aruthven80@google.es,,,,
290,Heustice,mheustice81@hatena.ne.jp,,,,
291,Bolletti,cbolletti82@jigsy.com,,,,
292,Seagar,tseagar83@hao123.com,,,,
293,Mamwell,xmamwell84@intel.com,,,,
294,Tewes,ztewes85@parallels.com,,,,
295,Kyttor,lkyttor86@tripod.com,,,,
296,Yorke,zyorke87@stumbleupon.com,,,,
297,Staines,mstaines88@washingtonpost.com,,,,
298,Saddler,ssaddler89@reddit.com,,,,
299,Reckhouse,kreckhouse8a@thetimes.co.uk,,,,
300,Wilmot,mwilmot8b@telegraph.co.uk,,,,
301,Barenskie,fbarenskie8c@fastcompany.com,,,,
302,Bansal,gbansal8d@ehow.com,,,,
303,Headington,bheadington8e@theatlantic.com,,,,
304,Cornfoot,scornfoot8f@wp.com,,,,
305,Sibille,lsibille8g@theatlantic.com,,,,
306,Pedder,cpedder8h@youku.com,,,,
307,Hammonds,ohammonds8i@networkadvertising.org,,,,
308,Leachman,aleachman8j@auda.org.au,,,,
309,Fanner,pfanner8k@biglobe.ne.jp,,,,
310,Saunder,rsaunder8l@usa.gov,,,,
311,Reuter,creuter8m@thetimes.co.uk,,,,
312,Ridewood,bridewood8n@ameblo.jp,,,,
313,Pettiward,fpettiward8o@senate.gov,,,,
314,Schelle,gschelle8p@stumbleupon.com,,,,
315,Bebbell,bbebbell8q@squarespace.com,,,,
316,Leonarde,eleonarde8r@globo.com,,,,
317,Littrell,hlittrell8s@yandex.ru,,,,
318,Tansley,stansley8t@1und1.de,,,,
319,Bockmann,kbockmann8u@bravesites.com,,,,
320,Trattles,rtrattles8v@biglobe.ne.jp,,,,
321,McRavey,smcravey8w@hibu.com,,,,
322,Greneham,tgreneham8x@cyberchimps.com,,,,
323,Penhale,epenhale8y@bing.com,,,,
324,Norssister,rnorssister8z@ucsd.edu,,,,
325,McDiarmid,fmcdiarmid90@fotki.com,,,,
326,Waith,cwaith91@hud.gov,,,,
327,Cornford,gcornford92@opera.com,,,,
328,Dedham,pdedham93@reverbnation.com,,,,
329,Phittiplace,nphittiplace94@facebook.com,,,,
330,Meedendorpe,kmeedendorpe95@multiply.com,,,,
331,Hryncewicz,chryncewicz96@mit.edu,,,,
332,Malthus,amalthus97@samsung.com,,,,
333,Balding,rbalding98@ibm.com,,,,
334,Buckoke,sbuckoke99@stanford.edu,,,,
335,Rentz,lrentz9a@123-reg.co.uk,,,,
336,Iacomini,giacomini9b@spotify.com,,,,
337,Bellany,jbellany9c@nih.gov,,,,
338,Edlyne,medlyne9d@eepurl.com,,,,
339,Plewes,wplewes9e@naver.com,,,,
340,Bateman,wbateman9f@tripadvisor.com,,,,
341,Godfrey,bgodfrey9g@yahoo.com,,,,
342,Grosvener,wgrosvener9h@exblog.jp,,,,
343,Stoffel,mstoffel9i@creativecommons.org,,,,
344,Nials,wnials9j@seesaa.net,,,,
345,Ellerby,kellerby9k@salon.com,,,,
346,Mityushkin,pmityushkin9l@meetup.com,,,,
347,Aspel,jaspel9m@imageshack.us,,,,
348,Gaither,agaither9n@seesaa.net,,,,
349,Strover,cstrover9o@prnewswire.com,,,,
350,Aiston,maiston9p@sbwire.com,,,,
351,Rocks,urocks9q@yale.edu,,,,
352,Rouchy,rrouchy9r@hhs.gov,,,,
353,Corley,tcorley9s@europa.eu,,,,
354,Caw,ccaw9t@google.com,,,,
355,enzley,cenzley9u@shareasale.com,,,,
356,Lugton,nlugton9v@163.com,,,,
357,Reisk,ereisk9w@dot.gov,,,,
358,Flood,rflood9x@ocn.ne.jp,,,,
359,Sedgwick,dsedgwick9y@hao123.com,,,,
360,Salvage,rsalvage9z@uiuc.edu,,,,
361,Challice,echallicea0@storify.com,,,,
362,Calderhead,dcalderheada1@acquirethisname.com,,,,
363,Craythorn,vcraythorna2@vistaprint.com,,,,
364,Pirouet,mpiroueta3@chicagotribune.com,,,,
365,Kinze,akinzea4@virginia.edu,,,,
366,Bezants,ibezantsa5@mapy.cz,,,,
367,Bolletti,sbollettia6@i2i.jp,,,,
368,Lelievre,slelievrea7@phoca.cz,,,,
369,Malyon,cmalyona8@github.com,,,,
370,Licciardi,blicciardia9@arizona.edu,,,,
371,Longworthy,slongworthyaa@tamu.edu,,,,
372,Comford,acomfordab@reuters.com,,,,
373,Benedek,dbenedekac@msn.com,,,,
374,Whorton,bwhortonad@ovh.net,,,,
375,Wilshin,swilshinae@networksolutions.com,,,,
376,Dawkins,rdawkinsaf@amazon.co.uk,,,,
377,Fisher,afisherag@hhs.gov,,,,
378,Missen,emissenah@nhs.uk,,,,
379,Widocks,ewidocksai@ft.com,,,,
380,Jessett,jjessettaj@amazon.co.uk,,,,
381,Rakes,wrakesak@blinklist.com,,,,
382,Bisco,gbiscoal@ucoz.com,,,,
383,Meaney,jmeaneyam@themeforest.net,,,,
384,Fernihough,mfernihoughan@multiply.com,,,,
385,Bonehill,tbonehillao@hp.com,,,,
386,Sturney,hsturneyap@house.gov,,,,
387,Slad,rsladaq@chicagotribune.com,,,,
388,Persent,apersentar@hibu.com,,,,
389,Godridge,lgodridgeas@hc360.com,,,,
390,Cammocke,rcammockeat@imgur.com,,,,
391,Corness,scornessau@w3.org,,,,
392,Hedan,phedanav@dailymotion.com,,,,
393,Baldry,gbaldryaw@ucsd.edu,,,,
394,Mattacks,cmattacksax@google.ca,,,,
395,Davidovicz,qdavidoviczay@businesswire.com,,,,
396,Galbraeth,vgalbraethaz@ustream.tv,,,,
397,Barwick,cbarwickb0@issuu.com,,,,
398,Gartell,agartellb1@boston.com,,,,
399,Cullerne,mcullerneb2@photobucket.com,,,,
400,Cousin,pcousinb3@miitbeian.gov.cn,,,,
401,Pauer,mpauerb4@plala.or.jp,,,,
402,Downse,gdownseb5@patch.com,,,,
403,Freer,cfreerb6@ed.gov,,,,
404,Smalecombe,ksmalecombeb7@so-net.ne.jp,,,,
405,Rubes,lrubesb8@harvard.edu,,,,
406,Oag,ooagb9@seesaa.net,,,,
407,Hawtrey,ehawtreyba@java.com,,,,
408,MacCombe,rmaccombebb@spiegel.de,,,,
409,Snalum,nsnalumbc@msu.edu,,,,
410,Stanistreet,jstanistreetbd@tripadvisor.com,,,,
411,Allibon,kallibonbe@un.org,,,,
412,Ruspine,nruspinebf@miibeian.gov.cn,,,,
413,Pharro,apharrobg@admin.ch,,,,
414,Vousden,kvousdenbh@wikia.com,,,,
415,Sisnett,tsisnettbi@hp.com,,,,
416,Few,bfewbj@comsenz.com,,,,
417,Saich,hsaichbk@cocolog-nifty.com,,,,
418,McIlheran,dmcilheranbl@netscape.com,,,,
419,Astles,mastlesbm@nyu.edu,,,,
420,Cuttell,gcuttellbn@engadget.com,,,,
421,Vondruska,jvondruskabo@furl.net,,,,
422,Aish,raishbp@dmoz.org,,,,
423,Aireton,rairetonbq@blog.com,,,,
424,Aymeric,eaymericbr@sourceforge.net,,,,
425,Yushin,dyushinbs@youku.com,,,,
426,Caesman,ocaesmanbt@ftc.gov,,,,
427,Vawton,rvawtonbu@bandcamp.com,,,,
428,Askie,easkiebv@chron.com,,,,
429,Jellett,pjellettbw@smh.com.au,,,,
430,Josifovic,mjosifovicbx@illinois.edu,,,,
431,Hoodless,ahoodlessby@spiegel.de,,,,
432,Liddle,jliddlebz@adobe.com,,,,
433,Randalson,crandalsonc0@bandcamp.com,,,,
434,Cello,pcelloc1@oaic.gov.au,,,,
435,Stansbie,cstansbiec2@nih.gov,,,,
436,Gregoletti,wgregolettic3@webs.com,,,,
437,Licence,wlicencec4@ask.com,,,,
438,De Winton,ldewintonc5@issuu.com,,,,
439,Rodway,nrodwayc6@statcounter.com,,,,
440,Woodrow,kwoodrowc7@ox.ac.uk,,,,
441,Brough,ebroughc8@creativecommons.org,,,,
442,Hanscomb,jhanscombc9@bloglines.com,,,,
443,Romanin,cromaninca@oracle.com,,,,
444,Soltan,jsoltancb@reuters.com,,,,
445,Adrien,jadriencc@seattletimes.com,,,,
446,Allenson,pallensoncd@unicef.org,,,,
447,Housego,ohousegoce@salon.com,,,,
448,McKeeman,emckeemancf@merriam-webster.com,,,,
449,Mancell,dmancellcg@accuweather.com,,,,
450,Brudenell,pbrudenellch@reddit.com,,,,
451,Bickardike,dbickardikeci@wikimedia.org,,,,
452,Denacamp,fdenacampcj@hibu.com,,,,
453,Ousbie,mousbieck@reverbnation.com,,,,
454,Troughton,jtroughtoncl@yandex.ru,,,,
455,Campo,dcampocm@netscape.com,,,,
456,Mallinson,smallinsoncn@netscape.com,,,,
457,Craddock,dcraddockco@npr.org,,,,
458,Bramley,sbramleycp@mozilla.org,,,,
459,Lockhart,nlockhartcq@usgs.gov,,,,
460,Pleven,rplevencr@tripod.com,,,,
461,Linney,glinneycs@pinterest.com,,,,
462,Varley,cvarleyct@independent.co.uk,,,,
463,Bavage,ebavagecu@pbs.org,,,,
464,Naismith,cnaismithcv@jalbum.net,,,,
465,Gatecliff,ggatecliffcw@blogspot.com,,,,
466,Adamowitz,dadamowitzcx@amazon.com,,,,
467,Stit,mstitcy@cargocollective.com,,,,
468,Figurski,kfigurskicz@google.fr,,,,
469,Annes,nannesd0@sciencedaily.com,,,,
470,Gissing,agissingd1@xrea.com,,,,
471,Melia,lmeliad2@nhs.uk,,,,
472,Shankland,mshanklandd3@acquirethisname.com,,,,
473,Sainthill,rsainthilld4@zdnet.com,,,,
474,Mattingly,fmattinglyd5@dmoz.org,,,,
475,Hullot,dhullotd6@photobucket.com,,,,
476,O'Keefe,aokeefed7@blogspot.com,,,,
477,MacNockater,jmacnockaterd8@tiny.cc,,,,
478,Eouzan,reouzand9@cocolog-nifty.com,,,,
479,Trowel,jtrowelda@ucoz.com,,,,
480,Branca,bbrancadb@bing.com,,,,
481,McEvay,hmcevaydc@telegraph.co.uk,,,,
482,O'Gormally,rogormallydd@google.com.br,,,,
483,Pree,wpreede@economist.com,,,,
484,Gate,ggatedf@vimeo.com,,,,
485,Ragot,pragotdg@unesco.org,,,,
486,Chessell,mchesselldh@webmd.com,,,,
487,Espinho,cespinhodi@phoca.cz,,,,
488,Spier,cspierdj@ucsd.edu,,,,
489,Winn,dwinndk@youtu.be,,,,
490,Echalie,cechaliedl@com.com,,,,
491,Talks,ptalksdm@google.ca,,,,
492,Bremen,vbremendn@intel.com,,,,
493,Keemer,mkeemerdo@squidoo.com,,,,
494,Hauger,ihaugerdp@adobe.com,,,,
495,McTrustie,emctrustiedq@weather.com,,,,
496,Scawton,cscawtondr@yellowpages.com,,,,
497,Neesham,bneeshamds@timesonline.co.uk,,,,
498,Buxsey,vbuxseydt@oakley.com,,,,
499,Bartalin,ebartalindu@nature.com,,,,
500,Withey,awitheydv@amazon.co.jp,,,,
501,Ruse,trusedw@toplist.cz,,,,
502,Fliege,efliegedx@unicef.org,,,,
503,Tassaker,vtassakerdy@admin.ch,,,,
504,Hedger,ahedgerdz@engadget.com,,,,
505,Casine,hcasinee0@aboutads.info,,,,
506,Dungee,gdungeee1@si.edu,,,,
507,Rawdall,brawdalle2@auda.org.au,,,,
508,Olliar,lolliare3@disqus.com,,,,
509,Reen,hreene4@japanpost.jp,,,,
510,Chazerand,bchazerande5@indiegogo.com,,,,
511,Gras,dgrase6@jugem.jp,,,,
512,Aneley,maneleye7@nhs.uk,,,,
513,Achrameev,bachrameeve8@boston.com,,,,
514,Danielsson,hdanielssone9@ustream.tv,,,,
515,Orrin,eorrinea@wikispaces.com,,,,
516,Danilovitch,adanilovitcheb@nbcnews.com,,,,
517,Hudleston,uhudlestonec@oaic.gov.au,,,,
518,Chippendale,mchippendaleed@illinois.edu,,,,
519,Rubenfeld,brubenfeldee@163.com,,,,
520,Desborough,tdesboroughef@skype.com,,,,
521,Svanini,ssvaninieg@mapy.cz,,,,
522,Cescot,scescoteh@t.co,,,,
523,Wildish,jwildishei@purevolume.com,,,,
524,Ellerman,bellermanej@ameblo.jp,,,,
525,Davidoff,rdavidoffek@psu.edu,,,,
526,Frackiewicz,jfrackiewiczel@toplist.cz,,,,
527,Stuckley,mstuckleyem@networkadvertising.org,,,,
528,Roskrug,sroskrugen@nhs.uk,,,,
529,Loyns,jloynseo@people.com.cn,,,,
530,Bau,vbauep@si.edu,,,,
531,Schubuser,sschubusereq@hibu.com,,,,
532,Curmi,acurmier@eventbrite.com,,,,
533,Collis,mcollises@pbs.org,,,,
534,Ateggart,dateggartet@umn.edu,,,,
535,Muscott,cmuscotteu@cornell.edu,,,,
536,Woodworth,awoodworthev@hhs.gov,,,,
537,Guilloton,pguillotonew@prlog.org,,,,
538,Prati,hpratiex@utexas.edu,,,,
539,Koppes,kkoppesey@miitbeian.gov.cn,,,,
540,Vankov,gvankovez@si.edu,,,,
541,Rubinshtein,rrubinshteinf0@de.vu,,,,
542,Sirrell,tsirrellf1@unblog.fr,,,,
543,Orton,rortonf2@smugmug.com,,,,
544,Kennington,vkenningtonf3@ycombinator.com,,,,
545,Doige,bdoigef4@devhub.com,,,,
546,Cheasman,tcheasmanf5@opera.com,,,,
547,Mandifield,ymandifieldf6@github.io,,,,
548,Eastmond,beastmondf7@amazon.co.uk,,,,
549,Ciccetti,mciccettif8@washington.edu,,,,
550,Barker,fbarkerf9@ask.com,,,,
551,Simonini,msimoninifa@seesaa.net,,,,
552,Lawrenceson,qlawrencesonfb@networkadvertising.org,,,,
553,Bywaters,ibywatersfc@over-blog.com,,,,
554,Tattershall,htattershallfd@naver.com,,,,
555,Housegoe,thousegoefe@sogou.com,,,,
556,Smallsman,csmallsmanff@tumblr.com,,,,
557,Uglow,tuglowfg@jalbum.net,,,,
558,Reinisch,sreinischfh@typepad.com,,,,
559,Guilbert,cguilbertfi@naver.com,,,,
560,Oakland,coaklandfj@narod.ru,,,,
561,Cardon,dcardonfk@ed.gov,,,,
562,Labbez,glabbezfl@list-manage.com,,,,
563,Keneforde,kkenefordefm@yahoo.co.jp,,,,
564,Cella,hcellafn@google.pl,,,,
565,McKeowon,rmckeowonfo@jigsy.com,,,,
566,Fransseni,ofranssenifp@ning.com,,,,
567,Sacase,msacasefq@buzzfeed.com,,,,
568,Darcy,adarcyfr@nba.com,,,,
569,Aldridge,aaldridgefs@nih.gov,,,,
570,Randles,arandlesft@about.com,,,,
571,Geard,ngeardfu@nationalgeographic.com,,,,
572,Boon,kboonfv@theglobeandmail.com,,,,
573,Geggie,zgeggiefw@cpanel.net,,,,
574,Matzke,bmatzkefx@csmonitor.com,,,,
575,Royste,jroystefy@ihg.com,,,,
576,Noke,cnokefz@ebay.co.uk,,,,
577,Ryland,nrylandg0@opensource.org,,,,
578,Saffin,tsaffing1@smh.com.au,,,,
579,Diben,bdibeng2@economist.com,,,,
580,Comolli,ecomollig3@ft.com,,,,
581,Pascall,rpascallg4@storify.com,,,,
582,Le Barr,slebarrg5@microsoft.com,,,,
583,Spadaro,rspadarog6@pen.io,,,,
584,Shawell,dshawellg7@fc2.com,,,,
585,Rosenthal,drosenthalg8@hc360.com,,,,
586,Bleackley,mbleackleyg9@bing.com,,,,
587,Kliemchen,skliemchenga@adobe.com,,,,
588,Eim,aeimgb@tripod.com,,,,
589,Platt,lplattgc@alexa.com,,,,
590,Streets,lstreetsgd@ovh.net,,,,
591,Boulder,kboulderge@theatlantic.com,,,,
592,Hunnaball,mhunnaballgf@dion.ne.jp,,,,
593,Trowell,jtrowellgg@a8.net,,,,
594,Vint,jvintgh@spiegel.de,,,,
595,Krook,kkrookgi@miibeian.gov.cn,,,,
596,Gwin,ugwingj@bravesites.com,,,,
597,Franzotto,tfranzottogk@homestead.com,,,,
598,Raspel,wraspelgl@berkeley.edu,,,,
599,Agglio,laggliogm@cafepress.com,,,,
600,Greally,jgreallygn@creativecommons.org,,,,
601,Jori,pjorigo@unesco.org,,,,
602,Morgan,mmorgangp@state.tx.us,,,,
603,Roback,crobackgq@clickbank.net,,,,
604,Groarty,ogroartygr@prweb.com,,,,
605,Tommis,etommisgs@weibo.com,,,,
606,Handrek,whandrekgt@usatoday.com,,,,
607,Whatham,jwhathamgu@reuters.com,,,,
608,Sarjent,ssarjentgv@gravatar.com,,,,
609,Frondt,tfrondtgw@hexun.com,,,,
610,Ranklin,franklingx@dailymail.co.uk,,,,
611,Kebbell,lkebbellgy@blogtalkradio.com,,,,
612,Saiger,dsaigergz@meetup.com,,,,
613,Bilbery,rbilberyh0@nymag.com,,,,
614,Alan,calanh1@opensource.org,,,,
615,Buckenhill,abuckenhillh2@utexas.edu,,,,
616,Warsap,cwarsaph3@netscape.com,,,,
617,Walsh,mwalshh4@unc.edu,,,,
618,Halladay,ghalladayh5@shareasale.com,,,,
619,Sutherington,asutheringtonh6@intel.com,,,,
620,Ruddy,cruddyh7@jugem.jp,,,,
621,Lodevick,ylodevickh8@spiegel.de,,,,
622,Mandres,imandresh9@jalbum.net,,,,
623,Streeter,pstreeterha@cisco.com,,,,
624,Danielli,tdaniellihb@stanford.edu,,,,
625,Farman,wfarmanhc@independent.co.uk,,,,
626,Lacoste,blacostehd@nsw.gov.au,,,,
627,Broadbere,tbroadberehe@rakuten.co.jp,,,,
628,Donaldson,sdonaldsonhf@cargocollective.com,,,,
629,Frankum,pfrankumhg@mlb.com,,,,
630,Keeley,bkeeleyhh@naver.com,,,,
631,Dunlop,mdunlophi@toplist.cz,,,,
632,Wince,cwincehj@jiathis.com,,,,
633,Newdick,enewdickhk@dmoz.org,,,,
634,McFadden,wmcfaddenhl@mysql.com,,,,
635,Orum,sorumhm@hibu.com,,,,
636,Lewsley,ilewsleyhn@furl.net,,,,
637,Rive,ariveho@noaa.gov,,,,
638,Molesworth,cmolesworthhp@storify.com,,,,
639,Eckery,teckeryhq@vistaprint.com,,,,
640,Jouaneton,wjouanetonhr@webeden.co.uk,,,,
641,Buntain,sbuntainhs@twitpic.com,,,,
642,Jelphs,ljelphsht@amazon.de,,,,
643,Westover,mwestoverhu@adobe.com,,,,
644,Meenehan,wmeenehanhv@weather.com,,,,
645,Bartel,ybartelhw@dell.com,,,,
646,Katte,lkattehx@tinyurl.com,,,,
647,Farries,afarrieshy@japanpost.jp,,,,
648,Mazzilli,smazzillihz@reuters.com,,,,
649,Dury,aduryi0@ehow.com,,,,
650,Headly,bheadlyi1@techcrunch.com,,,,
651,Keaveney,akeaveneyi2@php.net,,,,
652,Murdy,lmurdyi3@hc360.com,,,,
653,Klyn,fklyni4@wikispaces.com,,,,
654,Twede,ptwedei5@hexun.com,,,,
655,Bosnell,pbosnelli6@cbc.ca,,,,
656,McNirlan,lmcnirlani7@accuweather.com,,,,
657,Burnyeat,lburnyeati8@wufoo.com,,,,
658,Banke,hbankei9@shutterfly.com,,,,
659,Frankling,tfranklingia@yahoo.com,,,,
660,Pallis,apallisib@tripadvisor.com,,,,
661,Creeboe,rcreeboeic@paypal.com,,,,
662,Pickering,ppickeringid@tripadvisor.com,,,,
663,Severy,cseveryie@yellowbook.com,,,,
664,Enos,cenosif@tinypic.com,,,,
665,Winskill,hwinskillig@archive.org,,,,
666,Paris,sparisih@blog.com,,,,
667,Tournie,btournieii@webnode.com,,,,
668,Baxstare,hbaxstareij@spiegel.de,,,,
669,Biggins,dbigginsik@msn.com,,,,
670,Spurdens,wspurdensil@reuters.com,,,,
671,Cogley,mcogleyim@ucoz.ru,,,,
672,Geroldini,cgeroldiniin@hibu.com,,,,
673,Cheatle,acheatleio@printfriendly.com,,,,
674,Hawney,chawneyip@bbb.org,,,,
675,Mannock,jmannockiq@mit.edu,,,,
676,Staneland,estanelandir@bloglovin.com,,,,
677,Astley,sastleyis@jiathis.com,,,,
678,Pinfold,tpinfoldit@wisc.edu,,,,
679,Strangwood,sstrangwoodiu@naver.com,,,,
680,McKeney,jmckeneyiv@bbb.org,,,,
681,Egan,meganiw@seesaa.net,,,,
682,Troop,ktroopix@ca.gov,,,,
683,Pankethman,mpankethmaniy@jugem.jp,,,,
684,Wipfler,fwipfleriz@toplist.cz,,,,
685,Gianilli,rgianillij0@washingtonpost.com,,,,
686,Fanner,efannerj1@sitemeter.com,,,,
687,Franey,cfraneyj2@unc.edu,,,,
688,Collymore,ecollymorej3@ca.gov,,,,
689,Fitchett,efitchettj4@github.io,,,,
690,Bessey,lbesseyj5@w3.org,,,,
691,Lippini,wlippinij6@sphinn.com,,,,
692,Merrington,smerringtonj7@dot.gov,,,,
693,Garton,ggartonj8@blogspot.com,,,,
694,Shalloe,kshalloej9@bbb.org,,,,
695,Peartree,vpeartreeja@pagesperso-orange.fr,,,,
696,Bawdon,cbawdonjb@soup.io,,,,
697,Liverseege,rliverseegejc@tamu.edu,,,,
698,Medlin,pmedlinjd@goodreads.com,,,,
699,Tomasello,jtomaselloje@indiegogo.com,,,,
700,Waggatt,jwaggattjf@clickbank.net,,,,
701,Skeats,yskeatsjg@sakura.ne.jp,,,,
702,Huggard,ahuggardjh@stanford.edu,,,,
703,Mawman,bmawmanji@blogtalkradio.com,,,,
704,Nyland,anylandjj@ifeng.com,,,,
705,Maciunas,gmaciunasjk@mediafire.com,,,,
706,Bazeley,gbazeleyjl@auda.org.au,,,,
707,Harly,mharlyjm@typepad.com,,,,
708,Strelitzer,sstrelitzerjn@people.com.cn,,,,
709,Webburn,pwebburnjo@sciencedaily.com,,,,
710,Clemo,fclemojp@businesswire.com,,,,
711,Millier,hmillierjq@mail.ru,,,,
712,Pentony,ppentonyjr@google.co.jp,,,,
713,Feild,sfeildjs@omniture.com,,,,
714,Soall,fsoalljt@tamu.edu,,,,
715,Picker,spickerju@ezinearticles.com,,,,
716,Wraight,wwraightjv@intel.com,,,,
717,McGilbon,cmcgilbonjw@virginia.edu,,,,
718,Jacobson,fjacobsonjx@irs.gov,,,,
719,Trammel,strammeljy@chron.com,,,,
720,Batalini,lbatalinijz@mapquest.com,,,,
721,Enderby,venderbyk0@foxnews.com,,,,
722,Doyland,odoylandk1@homestead.com,,,,
723,Spratt,asprattk2@time.com,,,,
724,Wodeland,awodelandk3@who.int,,,,
725,Pattlel,dpattlelk4@craigslist.org,,,,
726,Herreran,sherrerank5@guardian.co.uk,,,,
727,Laffling,alafflingk6@techcrunch.com,,,,
728,Cissen,mcissenk7@google.it,,,,
729,Wibrew,swibrewk8@examiner.com,,,,
730,Birney,jbirneyk9@tripadvisor.com,,,,
731,Boskell,aboskellka@mapquest.com,,,,
732,Billitteri,abillitterikb@home.pl,,,,
733,Anthon,danthonkc@hao123.com,,,,
734,Ockland,socklandkd@foxnews.com,,,,
735,Crutchley,acrutchleyke@google.cn,,,,
736,Blaszczyk,cblaszczykkf@php.net,,,,
737,Caselick,acaselickkg@europa.eu,,,,
738,MacTrustrie,mmactrustriekh@imageshack.us,,,,
739,Neno,dnenoki@nps.gov,,,,
740,Mordecai,dmordecaikj@devhub.com,,,,
741,Gunnell,cgunnellkk@sciencedaily.com,,,,
742,Bouzek,lbouzekkl@amazon.de,,,,
743,Rudram,drudramkm@tinypic.com,,,,
744,Cobley,acobleykn@technorati.com,,,,
745,Dowdell,sdowdellko@about.com,,,,
746,Tanton,btantonkp@xrea.com,,,,
747,Burgott,tburgottkq@facebook.com,,,,
748,Baud,rbaudkr@tripadvisor.com,,,,
749,Lippett,dlippettks@harvard.edu,,,,
750,Eton,letonkt@mac.com,,,,
751,Barks,mbarksku@icq.com,,,,
752,Montel,gmontelkv@msu.edu,,,,
753,Percy,dpercykw@bluehost.com,,,,
754,Santry,ksantrykx@dell.com,,,,
755,Fortin,afortinky@icio.us,,,,
756,Garrould,bgarrouldkz@globo.com,,,,
757,Shayes,gshayesl0@acquirethisname.com,,,,
758,De Zamudio,jdezamudiol1@chron.com,,,,
759,Philpotts,ephilpottsl2@comsenz.com,,,,
760,Zaple,hzaplel3@utexas.edu,,,,
761,Rigglesford,crigglesfordl4@diigo.com,,,,
762,Crocker,lcrockerl5@infoseek.co.jp,,,,
763,Duberry,cduberryl6@cbc.ca,,,,
764,Donn,tdonnl7@kickstarter.com,,,,
765,Bleakley,fbleakleyl8@telegraph.co.uk,,,,
766,Angove,fangovel9@fda.gov,,,,
767,Bowe,abowela@ning.com,,,,
768,Guly,mgulylb@trellian.com,,,,
769,Hilling,mhillinglc@pagesperso-orange.fr,,,,
770,Frostdicke,pfrostdickeld@ucoz.com,,,,
771,Dinnage,adinnagele@patch.com,,,,
772,Fayne,nfaynelf@time.com,,,,
773,Simants,msimantslg@mediafire.com,,,,
774,Penketh,bpenkethlh@ihg.com,,,,
775,Burry,kburryli@soup.io,,,,
776,Paula,wpaulalj@163.com,,,,
777,Dalgarno,pdalgarnolk@xrea.com,,,,
778,Bagniuk,jbagniukll@unc.edu,,,,
779,Huttley,fhuttleylm@artisteer.com,,,,
780,Simonnot,asimonnotln@digg.com,,,,
781,Caldera,mcalderalo@51.la,,,,
782,Chaffyn,schaffynlp@ucoz.com,,,,
783,Bettesworth,zbettesworthlq@digg.com,,,,
784,Gillard,sgillardlr@clickbank.net,,,,
785,Shale,rshalels@ifeng.com,,,,
786,Ewell,lewelllt@wix.com,,,,
787,Whitmell,kwhitmelllu@amazonaws.com,,,,
788,Bennit,dbennitlv@woothemes.com,,,,
789,Zoellner,gzoellnerlw@pen.io,,,,
790,Burney,dburneylx@howstuffworks.com,,,,
791,Mackley,bmackleyly@surveymonkey.com,,,,
792,Verbeke,hverbekelz@livejournal.com,,,,
793,Sapshed,msapshedm0@ed.gov,,,,
794,Fragino,bfraginom1@toplist.cz,,,,
795,Winsbury,twinsburym2@zimbio.com,,,,
796,Planks,eplanksm3@ft.com,,,,
797,Rounding,mroundingm4@lulu.com,,,,
798,Renner,prennerm5@scribd.com,,,,
799,Matchett,cmatchettm6@usda.gov,,,,
800,Ludovico,lludovicom7@topsy.com,,,,
801,Rraundl,frraundlm8@123-reg.co.uk,,,,
802,Cossentine,mcossentinem9@yahoo.com,,,,
803,Cogzell,ccogzellma@multiply.com,,,,
804,Biswell,rbiswellmb@hhs.gov,,,,
805,Edgeworth,eedgeworthmc@cmu.edu,,,,
806,Harmstone,mharmstonemd@godaddy.com,,,,
807,Clement,rclementme@newsvine.com,,,,
808,Bruyett,bbruyettmf@wix.com,,,,
809,Tenney,rtenneymg@ustream.tv,,,,
810,Ulyat,gulyatmh@surveymonkey.com,,,,
811,Dallan,mdallanmi@mapy.cz,,,,
812,Parkin,tparkinmj@paginegialle.it,,,,
813,Vegas,evegasmk@baidu.com,,,,
814,Sapsforde,tsapsfordeml@va.gov,,,,
815,Shalliker,gshallikermm@sourceforge.net,,,,
816,Dwight,vdwightmn@360.cn,,,,
817,Burgoine,bburgoinemo@odnoklassniki.ru,,,,
818,Carmont,gcarmontmp@webeden.co.uk,,,,
819,Charte,fchartemq@imageshack.us,,,,
820,Blowen,sblowenmr@dyndns.org,,,,
821,Sinton,lsintonms@amazon.com,,,,
822,Costanza,scostanzamt@google.com.au,,,,
823,Kix,akixmu@sohu.com,,,,
824,Drowsfield,wdrowsfieldmv@opera.com,,,,
825,Jewess,mjewessmw@wordpress.com,,,,
826,Skinn,oskinnmx@wikipedia.org,,,,
827,Macci,omaccimy@360.cn,,,,
828,McErlaine,wmcerlainemz@biblegateway.com,,,,
829,O'Towey,motoweyn0@jimdo.com,,,,
830,Heindrick,hheindrickn1@canalblog.com,,,,
831,Abrahamian,labrahamiann2@xinhuanet.com,,,,
832,Allwright,lallwrightn3@businessinsider.com,,,,
833,Tomik,stomikn4@liveinternet.ru,,,,
834,Marcroft,nmarcroftn5@barnesandnoble.com,,,,
835,Renol,lrenoln6@bloglovin.com,,,,
836,Freegard,sfreegardn7@homestead.com,,,,
837,Riepl,criepln8@barnesandnoble.com,,,,
838,Ching,dchingn9@desdev.cn,,,,
839,Dominetti,mdominettina@alibaba.com,,,,
840,MacAlpyne,imacalpynenb@1und1.de,,,,
841,Coate,acoatenc@utexas.edu,,,,
842,Brattell,dbrattellnd@census.gov,,,,
843,Kleimt,bkleimtne@google.cn,,,,
844,Gabites,cgabitesnf@icio.us,,,,
845,Plevey,cpleveyng@biglobe.ne.jp,,,,
846,Ianitti,cianittinh@senate.gov,,,,
847,Le Gassick,llegassickni@blogspot.com,,,,
848,Muckart,dmuckartnj@tinyurl.com,,,,
849,Boshard,tboshardnk@51.la,,,,
850,Ornillos,tornillosnl@vkontakte.ru,,,,
851,Shadfourth,jshadfourthnm@census.gov,,,,
852,Seide,sseidenn@histats.com,,,,
853,Rosie,trosieno@woothemes.com,,,,
854,Lille,olillenp@1688.com,,,,
855,Goudge,agoudgenq@weather.com,,,,
856,Kenright,ckenrightnr@qq.com,,,,
857,Lackemann,dlackemannns@cbslocal.com,,,,
858,Bradnock,dbradnocknt@japanpost.jp,,,,
859,Scampion,lscampionnu@oaic.gov.au,,,,
860,Tovey,atoveynv@alexa.com,,,,
861,Ivanisov,sivanisovnw@ow.ly,,,,
862,Lanigan,wlanigannx@uiuc.edu,,,,
863,Vallerine,dvallerineny@ihg.com,,,,
864,Thrift,mthriftnz@pcworld.com,,,,
865,Scullion,ksculliono0@ucsd.edu,,,,
866,Deener,bdeenero1@naver.com,,,,
867,Leason,mleasono2@nba.com,,,,
868,Ivanonko,livanonkoo3@de.vu,,,,
869,Hullbrook,rhullbrooko4@spiegel.de,,,,
870,Tytcomb,jtytcombo5@ebay.com,,,,
871,Olyunin,holyunino6@seesaa.net,,,,
872,Ferriday,fferridayo7@vk.com,,,,
873,Frediani,kfredianio8@ezinearticles.com,,,,
874,Hryniewicz,rhryniewiczo9@macromedia.com,,,,
875,Gridley,ggridleyoa@walmart.com,,,,
876,Millwater,cmillwaterob@goo.ne.jp,,,,
877,Gomez,mgomezoc@furl.net,,,,
878,Klimontovich,hklimontovichod@ycombinator.com,,,,
879,McBain,rmcbainoe@blinklist.com,,,,
880,Van Niekerk,lvanniekerkof@feedburner.com,,,,
881,Ahren,gahrenog@toplist.cz,,,,
882,Burnhard,fburnhardoh@census.gov,,,,
883,De Bruijn,sdebruijnoi@xrea.com,,,,
884,Corris,ocorrisoj@bizjournals.com,,,,
885,Igoe,aigoeok@deviantart.com,,,,
886,Matzkaitis,cmatzkaitisol@wordpress.com,,,,
887,Withrop,swithropom@fotki.com,,,,
888,Olerenshaw,nolerenshawon@tmall.com,,,,
889,Guiraud,tguiraudoo@4shared.com,,,,
890,Cordova,scordovaop@ebay.co.uk,,,,
891,Aspinell,easpinelloq@yelp.com,,,,
892,Wilber,lwilberor@google.com.hk,,,,
893,Kinsett,dkinsettos@walmart.com,,,,
894,Merit,kmeritot@tuttocitta.it,,,,
895,Lewisham,jlewishamou@shutterfly.com,,,,
896,Fitter,gfitterov@amazon.com,,,,
897,Chedgey,rchedgeyow@thetimes.co.uk,,,,
898,Pencost,jpencostox@google.de,,,,
899,Eggerton,aeggertonoy@blogger.com,,,,
900,Matantsev,rmatantsevoz@dyndns.org,,,,
901,Steffans,bsteffansp0@narod.ru,,,,
902,Attiwill,hattiwillp1@timesonline.co.uk,,,,
903,Walesa,swalesap2@abc.net.au,,,,
904,Kasting,bkastingp3@over-blog.com,,,,
905,Bowller,sbowllerp4@rediff.com,,,,
906,Gomez,jgomezp5@alexa.com,,,,
907,Joicey,jjoiceyp6@mail.ru,,,,
908,Stoaks,lstoaksp7@state.tx.us,,,,
909,Torrijos,mtorrijosp8@jalbum.net,,,,
910,Ferencz,rferenczp9@mayoclinic.com,,,,
911,Croxall,rcroxallpa@ucoz.ru,,,,
912,Peschka,jpeschkapb@vk.com,,,,
913,Bickerstasse,ebickerstassepc@aboutads.info,,,,
914,Vivash,jvivashpd@typepad.com,,,,
915,Semper,hsemperpe@opera.com,,,,
916,Dearlove,bdearlovepf@marketwatch.com,,,,
917,Cavanaugh,dcavanaughpg@discovery.com,,,,
918,Talbot,ctalbotph@narod.ru,,,,
919,Skewes,eskewespi@twitpic.com,,,,
920,Book,lbookpj@studiopress.com,,,,
921,Stearn,jstearnpk@msu.edu,,,,
922,Pleven,rplevenpl@stumbleupon.com,,,,
923,Astridge,mastridgepm@berkeley.edu,,,,
924,Welbourn,cwelbournpn@diigo.com,,,,
925,De Souza,gdesouzapo@bloglines.com,,,,
926,Beautyman,sbeautymanpp@nydailynews.com,,,,
927,Morit,amoritpq@tamu.edu,,,,
928,Hollows,ehollowspr@sina.com.cn,,,,
929,Stirling,astirlingps@techcrunch.com,,,,
930,Meiningen,cmeiningenpt@shareasale.com,,,,
931,Goodnow,jgoodnowpu@domainmarket.com,,,,
932,Daudray,rdaudraypv@about.me,,,,
933,Gault,ogaultpw@google.es,,,,
934,Cleland,lclelandpx@tinypic.com,,,,
935,Olivet,lolivetpy@businesswire.com,,,,
936,Papis,cpapispz@yellowbook.com,,,,
937,Few,ffewq0@nbcnews.com,,,,
938,Sedge,asedgeq1@facebook.com,,,,
939,O'Fallon,rofallonq2@wp.com,,,,
940,Battye,tbattyeq3@mlb.com,,,,
941,Monteith,nmonteithq4@vimeo.com,,,,
942,Prestidge,cprestidgeq5@feedburner.com,,,,
943,Aspole,paspoleq6@stanford.edu,,,,
944,Shale,eshaleq7@wufoo.com,,,,
945,Spaven,cspavenq8@etsy.com,,,,
946,Coots,mcootsq9@instagram.com,,,,
947,Edleston,wedlestonqa@census.gov,,,,
948,Branford,mbranfordqb@freewebs.com,,,,
949,Millis,cmillisqc@google.com.hk,,,,
950,Wolverson,jwolversonqd@globo.com,,,,
951,Horsefield,chorsefieldqe@disqus.com,,,,
952,Caffrey,wcaffreyqf@dailymotion.com,,,,
953,Cuerdall,mcuerdallqg@wordpress.org,,,,
954,O' Sullivan,wosullivanqh@buzzfeed.com,,,,
955,Bourton,wbourtonqi@goo.gl,,,,
956,Aleksashin,baleksashinqj@blinklist.com,,,,
957,Sheering,fsheeringqk@hostgator.com,,,,
958,Haslum,nhaslumql@amazon.com,,,,
959,Raddin,nraddinqm@mtv.com,,,,
960,Birt,cbirtqn@amazon.com,,,,
961,O'Skehan,aoskehanqo@naver.com,,,,
962,Marsie,dmarsieqp@shinystat.com,,,,
963,Kiossel,ekiosselqq@bloomberg.com,,,,
964,Havis,lhavisqr@stanford.edu,,,,
965,Canto,ccantoqs@si.edu,,,,
966,Rapley,drapleyqt@walmart.com,,,,
967,Keigher,hkeigherqu@ask.com,,,,
968,Vispo,avispoqv@csmonitor.com,,,,
969,Picardo,gpicardoqw@yelp.com,,,,
970,Ledur,pledurqx@drupal.org,,,,
971,Merricks,kmerricksqy@weibo.com,,,,
972,Kiehne,mkiehneqz@csmonitor.com,,,,
973,Corkel,bcorkelr0@psu.edu,,,,
974,Cropper,gcropperr1@csmonitor.com,,,,
975,Dursley,udursleyr2@ezinearticles.com,,,,
976,Bowcock,pbowcockr3@gravatar.com,,,,
977,Greste,bgrester4@posterous.com,,,,
978,Kuschke,ekuschker5@weebly.com,,,,
979,Comben,tcombenr6@tmall.com,,,,
980,Canning,mcanningr7@netlog.com,,,,
981,Johncey,ojohnceyr8@networkadvertising.org,,,,
982,Drakeford,tdrakefordr9@ox.ac.uk,,,,
983,Pieracci,qpieraccira@reuters.com,,,,
984,Casbon,ecasbonrb@vinaora.com,,,,
985,Bourthouloume,mbourthouloumerc@marketwatch.com,,,,
986,Halvosen,mhalvosenrd@hhs.gov,,,,
987,Taaffe,ataaffere@aboutads.info,,,,
988,Lapworth,klapworthrf@amazon.co.uk,,,,
989,Milmoe,dmilmoerg@biglobe.ne.jp,,,,
990,Zottoli,mzottolirh@state.gov,,,,
991,Desvignes,bdesvignesri@tumblr.com,,,,
992,Jermyn,ajermynrj@homestead.com,,,,
993,Gwillyam,jgwillyamrk@lulu.com,,,,
994,Davidovic,pdavidovicrl@moonfruit.com,,,,
995,Pontain,apontainrm@auda.org.au,,,,
996,Doberer,jdobererrn@surveymonkey.com,,,,
997,Buncher,ebuncherro@reuters.com,,,,
998,Oslar,woslarrp@gov.uk,,,,
999,Morrel,mmorrelrq@intel.com,,,,
1000,Petrik,ppetrikrr@spotify.com,,,,
